identityCard,name,lastName,middleName,dob,gender
123456789,nombre_1,apellido_1_1,apellido_2_1,1991-01-13,M
987654321,nombre_2,apellido_1_2,apellido_2_2,1986-04-17,M
445522150,nombre_3,apellido_1_3,apellido_2_3,1958-12-06,M
446784578,nombre_4,apellido_1_4,apellido_2_4,1958-11-06,F
456762124,nombre_5,apellido_1_5,apellido_2_5,2011-06-23,M
656751471,nombre_6,apellido_1_6,apellido_2_6,2002-09-06,M
656751445,nombre_7,apellido_1_7,apellido_2_7,2010-09-06,F
656751234,nombre_8,apellido_1_8,apellido_2_8,1998-10-06,M
516751471,nombre_9,apellido_1_9,apellido_2_9,2002-02-25,F
783151471,nombre_10,apellido_1_10,apellido_2_10,1994-06-06,M
677681471,nombre_11,apellido_1_11,apellido_2_11,1997-08-23,F
136781471,nombre_12,apellido_1_12,apellido_2_12,2001-09-22,M
876751471,nombre_13,apellido_1_13,apellido_2_13,2000-12-24,M